Product Name,Prices,Reviews
"Google Pixel 6a (Chalk, 128 GB)","₹43,999",4.3
"IQOO Neo 10 (Titanium Chrome, 256 GB)","₹40,990",4.5
"Google Pixel 10 (Indigo, 256 GB)","₹79,999",4.5
"Google Pixel 10 (Obsidian, 256 GB)","₹79,999",4.5
"Samsung Galaxy S24 5G Snapdragon (Marble Gray, 128 GB)","₹49,999",4.6
"OnePlus Nord 5 5G (Marble Sands, 256 GB)","₹37,373",4.5
"Google Pixel 10 (Frost, 256 GB)","₹79,999",4.5
"Google Pixel 10 (Lemongrass, 256 GB)","₹79,999",4.5
"Samsung Galaxy A36 5G (Awesome Lavender, 256 GB)","₹34,499",4.4
"Samsung Galaxy A55 5G (Awesome Iceblue, 256 GB)","₹33,955",4.3
"Google Pixel 6a (Charcoal, 128 GB)","₹43,999",4.3
"OPPO Reno14 5G (Pearl White, 256 GB)","₹44,999",4.5
"OPPO Reno14 5G (Pearl White, 512 GB)","₹47,990",4.5
"OnePlus 11 5G (Eternal Green, 256 GB)","₹38,999",4.5
"Samsung Galaxy S24 5G Snapdragon (Amber Yellow, 128 GB)","₹49,999",4.6
"Motorola Edge 50 Ultra 5G (Nordic Wood, 512 GB)","₹49,999",4.3
"OnePlus 12R (Iron Gray, 128 GB)","₹38,799",4.5
"Xiaomi 12 Pro 5G (Couture Blue, 256 GB)","₹41,999",4.1
"vivo V40 Pro 5G (Titanium Grey, 256 GB)","₹49,999",4.5
"Samsung Galaxy S24 Exynos 5G (Cobalt Violet, 128 GB)","₹49,999",4.6
"Motorola Edge 50 Ultra 5G (Peach Fuzz, 512 GB)","₹49,999",4.3
"OPPO Reno13 Pro 5G (Graphite Grey, 512 GB)","₹44,999",4.5
"Samsung Galaxy S24 Exynos 5G (Amber Yellow, 128 GB)","₹49,999",4.6
"Xiaomi 12 Pro 5G (Noir Black, 256 GB)","₹36,299",4.1
"Apple iPhone 15 (Pink, 128 GB)","₹51,999",4.6
"IQOO Neo 10 (Inferno Red, 256 GB)","₹40,490",4.5
"Google Pixel 10 (Indigo, 256 GB)","₹79,999",4.5
"Google Pixel 10 (Obsidian, 256 GB)","₹79,999",4.5
"OPPO Reno 12 Pro 5G (Sunset Gold, 512 GB)","₹35,837",4.4
"OnePlus 10 Pro 5G (Emerald Forest, 256 GB)","₹44,999",3.9
"OPPO Reno14 5G (Mint Green, 256 GB)","₹44,999",4.5
"vivo V30 Pro 5G (Classic Black, 256 GB)","₹46,999",4.5
"Google Pixel 10 (Frost, 256 GB)","₹79,999",4.5
"Google Pixel 10 (Lemongrass, 256 GB)","₹79,999",4.5
"OnePlus 15R 5G (Mint Breeze, 256 GB)","₹48,989",4.6
"MOTOROLA razr 40 (Sage Green, 256 GB)","₹41,999",3.9
"OnePlus 12R (Cool Blue, 256 GB)","₹39,900",4.5
"OnePlus 10T 5G (Moonstone Black, 256 GB)","₹37,999",4
"OPPO Reno13 Pro 5G (Mist Lavender, 256 GB)","₹49,999",4.5
"Samsung Galaxy S23 5G (Green, 256 GB)","₹49,999",4.6
"OnePlus 11 5G (Eternal Green, 128 GB)","₹32,183",4.4
"OnePlus 15R 5G (Electric Violet, 256 GB)","₹48,858",4.6
"Samsung Galaxy S24 Exynos 5G (Onyx Black, 128 GB)","₹49,999",4.6
"Samsung Galaxy A36 5G (Awesome Black, 256 GB)","₹34,499",4.4
"Samsung Galaxy S21 FE 5G with Snapdragon 888 (Navy, 128 GB)","₹45,999",4.3
"Samsung Galaxy S21 FE 5G with Snapdragon 888 (Lavender, 128 GB)","₹45,999",4.3
"Samsung Galaxy S24 Exynos 5G (Marble Gray, 128 GB)","₹49,999",4.6
"Samsung Galaxy A55 5G (Awesome Navy, 256 GB)","₹33,990",4.3
"OPPO Reno10 Pro 5G (Glossy Purple, 256 GB)","₹32,499",4.3
"OPPO Reno11 Pro 5G (Rock Grey, 256 GB)","₹34,898",4.4
"OnePlus 11R 5G (Galactic Silver, 256 GB)","₹39,998",4.5
"OnePlus 10T 5G (Jade Green, 256 GB)","₹37,999",4.1
"Google Pixel 10 (Indigo, 256 GB)","₹79,999",4.5
"Google Pixel 10 (Obsidian, 256 GB)","₹79,999",4.5
"Samsung Galaxy S21 FE 5G with Snapdragon 888 (Graphite, 128 GB)","₹45,999",4.3
"Samsung Galaxy S23 5G (Lavender, 256 GB)","₹49,999",4.6
"Google Pixel 10 (Frost, 256 GB)","₹79,999",4.5
"Google Pixel 10 (Lemongrass, 256 GB)","₹79,999",4.5
"Samsung Galaxy Z Flip7 5G (Coralred, 512 GB)","₹1,21,999",4.5
"OnePlus 10T 5G (Moonstone Black, 256 GB)","₹37,999",4.1
"Google Pixel 8 (Obsidian, 128 GB)","₹47,999",4.4
"Samsung Galaxy S21 FE 5G with Snapdragon 888 (Olive, 128 GB)","₹45,999",4.3
"Samsung Galaxy A73 5G (Awesome Mint, 256 GB)","₹44,999",4.2
"Samsung Galaxy S23 5G (Cream, 128 GB)","₹44,999",4.6
"vivo X70 Pro (Cosmic Black, 256 GB)","₹45,990",4.5
"Samsung Galaxy S7 (Gold Platinum, 32 GB)","₹46,000",4.4
"Apple iPhone 8 Plus (Gold, 64 GB)","₹49,900",4.6
"Apple iPhone 8 Plus (Silver, 64 GB)","₹49,900",4.6
"Google Pixel 7 Pro (Hazel, 128 GB)","₹44,999",4.3
"Apple iPhone 8 Plus (Space Grey, 64 GB)","₹49,900",4.6
"IQOO 3 (5G) (Tornado Black, 256 GB)","₹46,990",4.4
"Apple iPhone XR (Yellow, 64 GB) (Includes EarPods, Power Adapter)","₹47,900",4.6
"Google Pixel 10 (Indigo, 256 GB)","₹79,999",4.5
"Google Pixel 10 (Obsidian, 256 GB)","₹79,999",4.5
"OPPO Reno14 5G (Pearl White, 256 GB)","₹41,890",4.5
"realme Gt 7 (Icesense Black, 512 GB)","₹43,899",4.3
"Google Pixel 10 (Frost, 256 GB)","₹79,999",4.5
"Google Pixel 10 (Lemongrass, 256 GB)","₹79,999",4.5
"realme GT 7T (IceSense Blue, 512 GB)","₹41,999",4.5
"Samsung Galaxy S24 5G Snapdragon (Onyx Black, 128 GB)","₹49,999",4.6
"vivo T4 Ultra 5G (Phoenix Gold, 256 GB)","₹35,999",4.5
"vivo T4 Ultra 5G (Meteor Grey, 256 GB)","₹37,999",4.5
"vivo V50 5G (Rose Red, 512 GB)","₹38,899",4.5
"Samsung Galaxy A55 5G (Awesome Iceblue, 256 GB)","₹28,916",4.4
"OPPO K13 5G with 7000mAh and 80W SUPERVOOC Charger In-The-Box (Icy Purple, 256 GB)","₹21,999",4.5
"realme GT NEO 3 (150W) (Nitro Blue, 256 GB)","₹42,999",4.2
"realme GT 7T (IceSense Black, 512 GB)","₹41,999",4.5
"Samsung Galaxy A55 5G (Awesome Navy, 256 GB)","₹27,892",4.4
"Samsung Galaxy A56 5G (Awesome Graphite, 256 GB)","₹42,990",4.4
"vivo T4 Ultra 5G (Phoenix Gold, 256 GB)","₹37,999",4.5
"Xiaomi 11T Pro 5G Hyperphone (Moonlight White, 256 GB)","₹43,999",4
"vivo V60 5G (Moonlit Blue, 256 GB)","₹39,590",4.5
"OPPO Reno 12 Pro 5G (Space Brown, 512 GB)","₹35,787",4.4
"vivo V50 5G (Starry Night, 512 GB)","₹38,999",4.5
"vivo V50 5G (Titanium Grey, 512 GB)","₹38,999",4.5
"Samsung Galaxy A56 5G (Awesome Light Gray, 256 GB)","₹41,998",4.3
"Google Pixel 10 (Indigo, 256 GB)","₹79,999",4.5
"Google Pixel 10 (Obsidian, 256 GB)","₹79,999",4.5
"vivo T4 Ultra 5G (Phoenix Gold, 512 GB)","₹39,999",4.5
"vivo T4 Ultra 5G (Phoenix Gold, 256 GB)","₹37,999",4.5
"vivo T4 Ultra 5G (Phoenix Gold, 256 GB)","₹35,999",4.5
"IQOO Neo 10 (Inferno Red, 128 GB)","₹36,995",4.5
"Google Pixel 10 (Frost, 256 GB)","₹79,999",4.5
"Google Pixel 10 (Lemongrass, 256 GB)","₹79,999",4.5
"vivo T4 Ultra 5G (Meteor Grey, 512 GB)","₹39,999",4.5
"vivo T4 Ultra 5G (Meteor Grey, 256 GB)","₹37,999",4.5
"IQOO Neo 10 (Titanium Chrome, 256 GB)","₹38,985",4.5
"IQOO Neo 10R 5G (Raging Blue, 256 GB)","₹32,349",4.5
"vivo T4 Ultra 5G (Meteor Grey, 256 GB)","₹35,999",4.5
"realme GT 7T (Racing Yellow, 256 GB)","₹37,999",4.5
"realme GT 7T (IceSense Black, 256 GB)","₹37,999",4.5
"realme GT 7T (IceSense Blue, 256 GB)","₹37,999",4.5
"Samsung Galaxy A55 5G (Awesome Navy, 256 GB)","₹33,990",4.3
"IQOO Neo 10 (Inferno Red, 256 GB)","₹38,999",4.5
"OPPO Reno13 5G (Luminous Blue, 256 GB)","₹30,899",4.4
"realme 15 Pro 5G (Velvet Green, 256 GB)","₹37,999",4.4
"Samsung Galaxy A36 5G (Awesome Lavender, 256 GB)","₹34,499",4.4
"realme 15 Pro 5G (Flowing Silver, 256 GB)","₹37,999",4.4
"realme 15 Pro 5G (Silk Purple, 256 GB)","₹37,999",4.4
"realme 15 Pro 5G (Flowing Silver, 256 GB)","₹35,999",4.3
"realme 15 Pro 5G (Velvet Green, 256 GB)","₹35,999",4.3
"vivo V50 5G (Starry Night, 512 GB)","₹38,999",4.5
"Google Pixel 10 (Indigo, 256 GB)","₹79,999",4.5
"Google Pixel 10 (Obsidian, 256 GB)","₹79,999",4.5
"OPPO Reno13 5G (Blue, 128 GB)","₹29,990",4.4
"MOTOROLA Edge 60 Pro (Pantone Dazzling Blue, 512 GB)","₹37,999",4.4
"Google Pixel 10 (Frost, 256 GB)","₹79,999",4.5
"Google Pixel 10 (Lemongrass, 256 GB)","₹79,999",4.5
"vivo V60 5G (Auspicious Gold, 256 GB)","₹36,499",4.5
"vivo V50 5G (Titanium Grey, 256 GB)","₹34,999",4.5
"OPPO Reno 12 Pro 5G (Manish Malhotra Limited Edition, 256 GB)","₹36,999",4.4
"vivo V60 5G (Moonlit Blue, 256 GB)","₹36,339",4.5
"vivo V50 5G (Starry Night, 256 GB)","₹33,690",4.5
"OPPO Reno 12 Pro 5G (Space Brown, 256 GB)","₹32,998",4.4
"OPPO Reno 12 Pro 5G (Sunset Gold, 256 GB)","₹31,989",4.4
"Xiaomi 14 CIVI (Panda White, 512 GB)","₹36,999",4.3
"Mi 10T (Cosmic Black, 128 GB)","₹17,490",4.2
"OnePlus 11 5G (Eternal Green, 128 GB)","₹32,183",4.4
"Samsung Galaxy S23 FE (Graphite, 128 GB)","₹34,999",4.4
"OPPO K13 Turbo Pro 5G (Purple Phantom, 256 GB)","₹36,999",4.4
"OPPO K13 Turbo Pro 5G (Silver Knight, 256 GB)","₹36,999",4.4
"vivo V50 5G (Rose Red, 256 GB)","₹34,499",4.5
"vivo V50 5G (Titanium Grey, 512 GB)","₹38,999",4.5
"OnePlus 12R (Cool Blue, 256 GB)","₹39,900",4.5
"OPPO RENO 13 5G (White / Ivory White, 128 GB)","₹31,999",4.2
"OPPO Reno13 5G (Ivory White, 256 GB)","₹37,999",4.4
"Google Pixel 10 (Indigo, 256 GB)","₹79,999",4.5
"Google Pixel 10 (Obsidian, 256 GB)","₹79,999",4.5
"vivo V60 5G (Mist Gray, 128 GB)","₹36,499",4.5
"Samsung Galaxy A54 5G (Awesome White, 256 GB)","₹37,499",4.3
"Samsung Galaxy A56 5G (Awesome Olive, 128 GB)","₹35,990",4.3
"OPPO Reno11 Pro 5G (Rock Grey, 256 GB)","₹34,898",4.4
"Google Pixel 10 (Frost, 256 GB)","₹79,999",4.5
"Google Pixel 10 (Lemongrass, 256 GB)","₹79,999",4.5
"vivo v50 5G (Grey, 256 GB)","₹36,780",4.5
"Samsung Galaxy A36 5G (Awesome Black, 256 GB)","₹34,499",4.4
"OnePlus 10 Pro 5G (Volcanic Black, 128 GB)","₹35,099",4.2
"vivo V25 Pro 5G (Pure Black, 128 GB)","₹35,999",4.3
"vivo V25 Pro 5G (Sailing Blue, 128 GB)","₹35,999",4.3
"OPPO Reno8T 5G (Midnight Black, 128 GB)","₹24,999",4.3
"OPPO Reno8T 5G (Sunrise Gold, 128 GB)","₹26,999",4.3
"Mi 10T (Cosmic Black, 128 GB)","₹37,999",4.1
"Mi Mix 2 (Black, 128 GB)","₹37,999",4.3
"OnePlus 10T 5G (Jade Green, 256 GB)","₹37,999",4.1
"Apple iPhone SE (White, 64 GB)","₹39,900",4.5
"Apple iPhone SE (Red, 64 GB)","₹39,900",4.5
"OnePlus 10T 5G (Moonstone Black, 256 GB)","₹37,999",4.1
"OnePlus 11R 5G (Galactic Silver, 256 GB)","₹39,998",4.5
"Samsung Galaxy A56 5G (Awesome Graphite, 128 GB)","₹36,990",4.3
"Tecno Camon 30 Premier 5G (Lava Black, 512 GB)","₹39,999",4.1
"OPPO Reno8 5G (Shimmer Black, 128 GB)","₹26,999",4.3
"Tecno Camon 30 Premier 5G (Snowy Silver, 512 GB)","₹39,999",4.1
"Google Pixel 10 (Indigo, 256 GB)","₹79,999",4.5
"Google Pixel 10 (Obsidian, 256 GB)","₹79,999",4.5
"Mi 10T Pro (Cosmic Black, 128 GB)","₹39,999",4.2
"realme GT Neo 3 (White, 256 GB)","₹38,999",4.2
"Google Pixel 10 (Frost, 256 GB)","₹79,999",4.5
"Google Pixel 10 (Lemongrass, 256 GB)","₹79,999",4.5
"Samsung Galaxy S21 FE 5G (Graphite, 128 GB)","₹39,999",4.3
"Apple iPhone SE (Black, 64 GB)","₹39,900",4.5
"Samsung Galaxy S21 FE 5G (Olive Green, 128 GB)","₹39,999",4.3
"vivo V23 Pro 5G (Stardust Black, 128 GB)","₹38,990",4.3
"vivo V23 Pro 5G (Sunshine Gold, 128 GB)","₹38,990",4.3
"OnePlus 10R (Sierra Black, 128 GB)","₹38,999",4.3
"OnePlus 10T 5G (Jade Green, 128 GB)","₹35,999",4.3
"vivo X50 (Glaze Black, 128 GB)","₹39,990",4.3
"vivo V27 5G (Magic Blue, 256 GB)","₹36,999",4.4
"Infinix Zero Ultra (Genesis Noir, 256 GB)","₹36,999",4
"IQOO 3 (Quantum Silver, 128 GB)","₹37,990",4.5
"vivo V29 5G (Red, 256 GB)","₹36,999",4.5
"MOTOROLA g57 power 5G (Pantone Fluidity, 128 GB)","₹14,999",4.5
"POCO C71 (Cool Blue, 128 GB)","₹7,299",4.1
